5;0;[Add New Order]
5;1;[Add New Order Other]
6;0;[Add New Order]
6;1;[Add New Order Other]
9;0;UPDATE ORDER INFO : 
9;1;[Update Order]
9;2;[Add New Order Other]
10;0;UPDATE ORDER INFO : 
10;1;[Update Order]
10;2;[Add New Order Other]
13;0;[Add New Order]
13;1;[Add New Order Other]
15;0;UPDATE ORDER INFO : 
15;1;[Update Order]
15;2;[Add New Order Other]
20;0;/**
22;0;[Delete Order]
22;1;[Delete Order Other]
24;0;[Delete Order]
24;1;[Delete Order Other]
27;0;[Delete Order]
27;1;[Delete Order Other]
28;0;/**
30;0;[Get All Orders]
30;1;[Get Orders From ts-order-service successfully!]
30;2;[Get Orders From ts-order-service fail!]
30;3;[Get Orders From ts-order-other-service successfully!]
30;4;[Get Orders From ts-order-other-service fail!]
36;0;[Get All Orders]
36;1;[Get Orders From ts-order-service successfully!]
36;2;[Get Orders From ts-order-service fail!]
36;3;[Get Orders From ts-order-other-service successfully!]
36;4;[Get Orders From ts-order-other-service fail!]
37;0;[Get All Orders]
37;1;[Get Orders From ts-order-service successfully!]
37;2;[Get Orders From ts-order-service fail!]
37;3;[Get Orders From ts-order-other-service successfully!]
37;4;[Get Orders From ts-order-other-service fail!]
40;0;Get all order
47;0;[Add New Order]
47;1;[Add New Order Other]
48;0;[Add New Order]
48;1;[Add New Order Other]
51;0;UPDATE ORDER INFO : 
51;1;[Update Order]
51;2;[Add New Order Other]
52;0;UPDATE ORDER INFO : 
52;1;[Update Order]
52;2;[Add New Order Other]
55;0;[Add New Order]
55;1;[Add New Order Other]
57;0;UPDATE ORDER INFO : 
57;1;[Update Order]
57;2;[Add New Order Other]
62;0;/**
64;0;[Delete Order]
64;1;[Delete Order Other]
66;0;[Delete Order]
66;1;[Delete Order Other]
69;0;[Delete Order]
69;1;[Delete Order Other]
70;0;/**
72;0;[Get All Orders]
72;1;[Get Orders From ts-order-service successfully!]
72;2;[Get Orders From ts-order-service fail!]
72;3;[Get Orders From ts-order-other-service successfully!]
72;4;[Get Orders From ts-order-other-service fail!]
78;0;[Get All Orders]
78;1;[Get Orders From ts-order-service successfully!]
78;2;[Get Orders From ts-order-service fail!]
78;3;[Get Orders From ts-order-other-service successfully!]
78;4;[Get Orders From ts-order-other-service fail!]
79;0;[Get All Orders]
79;1;[Get Orders From ts-order-service successfully!]
79;2;[Get Orders From ts-order-service fail!]
79;3;[Get Orders From ts-order-other-service successfully!]
79;4;[Get Orders From ts-order-other-service fail!]
82;0;Get all order
